{
    "methods": [
        {
            "name": "tcp-nigganet",
            "args": "ip port time",
            "example": "8.8.8.8 80 120",
            "file": "genericx"
        },
        {
            "name": "tcp-subsubsubsubnet",
            "args": "port time",
            "example": "80 120",
            "file": "subnoip"
        },
        {
            "name": "tcp-unnamed",
            "args": "ip port time",
            "example": "8.8.8.8 80 120",
            "file": "genericx"
        },
        {
            "name": "tcp-ipv6portrange",
            "args": "ipv6 time",
            "example": "356d:f768:9bfe:7ca9:0923:a156:8d3a:8d20 120",
            "file": "portrange"
        },
        {
            "name": "tcp-minecraft",
            "args": "ip port time",
            "example": "8.8.8.8 80 120",
            "file": "genericx"
        },
        {
            "name": "tcp-subnet",
            "args": "subnet port time",
            "example": "8.8.8.0/24 80 120",
            "file": "genericx"
        },
        {
            "name": "tcp-subsubsubnet",
            "args": "subsubsubnet port time",
            "example": "8.0.0.0/8 80 120",
            "file": "genericx"
        },
        {
            "name": "http-tld",
            "args": "tld port time",
            "example": ".de 443 120",
            "file": "genericx"
        },
        {
            "name": "http-gaysex",
            "args": "link port time",
            "example": "0route.net 443 120",
            "file": "genericx"
        },
        {
            "name": "http-dos",
            "args": "link port time",
            "example": "0route.net 443 120",
            "file": "genericx"
        },
        {
            "name": "http-cf",
            "args": "link port time",
            "example": "0route.net 443 120",
            "file": "genericx"
        },
        {
            "name": "udp-ipv6",
            "args": "ipv6 port time",
            "example": "356d:f768:9bfe:7ca9:0923:a156:8d3a:8d20 53 120",
            "file": "genericx"
        },
        {
            "name": "udp-anal",
            "args": "ip port time",
            "example": "8.8.8.8 53 120",
            "file": "genericx"
        },
        {
            "name": "udp-website",
            "args": "link port time",
            "example": "0route.net 53 120",
            "file": "genericx"
        },
        {
            "name": "udp-nigger",
            "args": "ip port time",
            "example": "102.0.0.0 80 120",
            "file": "genericx"
        },
        {
            "name": "nigger",
            "args": "time",
            "example": "120",
            "file": "nigger"
        },
        {
            "name": "nigga-subx8net",
            "args": "port time",
            "example": "80 120",
            "file": "subnoip"
        }
    ]
}